Workbook

Sheet FORMULARIO 001
A1: DATOS DE LA PERSONA SOLICITANTE
A2: NOMBRE_Y_APELLIDO | B2: IQ GeoSpatial Technology
A3: DNI | B3: 76543210
A4: DIRECCION | B4: Av. SiempreViva
A5: CELULAR | B5: 987654321
A6: CORREO_ELECTRONICO | B6: iqgespatial@gmail.com
A7: RECEPTOR Y ANTENA GPS/GNSS UTILIZADOS
A8: RECEPTOR_TIPO | B8: GNSS
A9: RECEPTOR_MODELO | B9: MODELO_X
A10: RECEPTOR_MARCA | B10: SOUTH
A11: ANTENA_TIPO | B11: GNSS
A12: ANTENA_MODELO | B12: ANT_200
A13: ANTENA_MARCA | B13: SOUTH
A14: SOFTWARE EMPLEADO EN EL PROCESAMIENTO
A15: SOFTWARE | B15: LEICA
A16: VERSION | B16: 2
A17: COD. PG A CERTIFICAR
A18: PUNTO_1 | B18: 1000701
A19: PUNTO_2 | B19: 1000702
A20: PUNTO_3 | B20: 1000703

Sheet FORMULARIO 002 Y 003
A1: FORMULARIO: 002 Y 003
A2: NOMBRE_Y_APELLIDO | B2: ='FORMULARIO 001'!B2 -> IQ GeoSpatial Technology
A3: DNI | B3: ='FORMULARIO 001'!B3 -> 76543210
A4: DOMICILIO | B4: ='FORMULARIO 001'!B4 -> Av. SiempreViva
A5: DISTRITO | B5: La Merced
A6: PROVINCIA | B6: Chanchamayo
A7: DEPARTAMENTO | B7: Junín
A8: FECHA_PRESENTACION | B8: 10 de agosto del 2025
A9: FORMULARIO 003
A10: =IF('FORMULARIO 001'!A18<>"",'FORMULARIO 001'!A18,"") -> PUNTO_1 | B10: =IF('FORMULARIO 001'!B18>=1,'FORMULARIO 001'!B18,"") -> 1000701
A11: =IF('FORMULARIO 001'!A19<>"",'FORMULARIO 001'!A19,"") -> PUNTO_2 | B11: =IF('FORMULARIO 001'!B19>=1,'FORMULARIO 001'!B19,"") -> 1000702
A12: =IF('FORMULARIO 001'!A20<>"",'FORMULARIO 001'!A20,"") -> PUNTO_3 | B12: =IF('FORMULARIO 001'!B20>=1,'FORMULARIO 001'!B20,"") -> 1000703
A13: =IF('FORMULARIO 001'!A21<>"",'FORMULARIO 001'!A21,"") | B13: =IF('FORMULARIO 001'!B21>=1,'FORMULARIO 001'!B21,"")
A14: =IF('FORMULARIO 001'!A22<>"",'FORMULARIO 001'!A22,"") | B14: =IF('FORMULARIO 001'!B22>=1,'FORMULARIO 001'!B22,"")
A15: =IF('FORMULARIO 001'!A23<>"",'FORMULARIO 001'!A23,"") | B15: =IF('FORMULARIO 001'!B23>=1,'FORMULARIO 001'!B23,"")
A16: =IF('FORMULARIO 001'!A24<>"",'FORMULARIO 001'!A24,"") | B16: =IF('FORMULARIO 001'!B24>=1,'FORMULARIO 001'!B24,"")
A17: =IF('FORMULARIO 001'!A25<>"",'FORMULARIO 001'!A25,"") | B17: =IF('FORMULARIO 001'!B25>=1,'FORMULARIO 001'!B25,"")
A18: =IF('FORMULARIO 001'!A26<>"",'FORMULARIO 001'!A26,"") | B18: =IF('FORMULARIO 001'!B26>=1,'FORMULARIO 001'!B26,"")
A19: =IF('FORMULARIO 001'!A27<>"",'FORMULARIO 001'!A27,"") | B19: =IF('FORMULARIO 001'!B27>=1,'FORMULARIO 001'!B27,"")
A20: =IF('FORMULARIO 001'!A28<>"",'FORMULARIO 001'!A28,"") | B20: =IF('FORMULARIO 001'!B28>=1,'FORMULARIO 001'!B28,"")
A21: =IF('FORMULARIO 001'!A29<>"",'FORMULARIO 001'!A29,"") | B21: =IF('FORMULARIO 001'!B29>=1,'FORMULARIO 001'!B29,"")
A22: =IF('FORMULARIO 001'!A30<>"",'FORMULARIO 001'!A30,"") | B22: =IF('FORMULARIO 001'!B30>=1,'FORMULARIO 001'!B30,"")

Sheet FORMULARIO 004 Y 005
A1: DATOS DE PUNTOS GEODESICOS FORMULARIO 004 Y 005
A2: NOMBRE_DEL_PROYECTO | B2: Proyecto 1
A3: DATOS_DEL_SOLICITANTE | B3: ='FORMULARIO 001'!B2 -> IQ GeoSpatial Technology
A4: RECEPTOR_TIPO | B4: ='FORMULARIO 001'!B8 -> GNSS
A5: RECEPTOR_MODELO | B5: ='FORMULARIO 001'!B9 -> MODELO_X
A6: RECEPTOR_MARCA | B6: ='FORMULARIO 001'!B10 -> SOUTH
A7: ANTENA_TIPO | B7: ='FORMULARIO 001'!B11 -> GNSS
A8: ANTENA_MODELO | B8: ='FORMULARIO 001'!B12 -> ANT_200
A9: ANTENA_MARCA | B9: ='FORMULARIO 001'!B13 -> SOUTH
A10: P_REFERENCIA_EN_LA_ANTENA | B10: Inclinada | C10: Inclinada | D10: Inclinada
A11: TIPO_DE_MEDIDA | B11: Inclinada | C11: Inclinada | D11: Inclinada
A12: VALOR_ALTURA | B12: 1.8 | C12: 1.8 | D12: 1.8
A13: INTERVALO_SEG | B13: 5 | C13: 5 | D13: 5
A14: MASCARA_ELEVACION | B14: 10° | C14: 10° | D14: 10°
A15: COD_PUNTO _GEODESICO | B15: =IF('FORMULARIO 001'!B18>=1,'FORMULARIO 001'!B18,"") -> 1000701 | C15: =IF('FORMULARIO 001'!B19>=1,'FORMULARIO 001'!B19,"") -> 1000702 | D15: =IF('FORMULARIO 001'!B20>=1,'FORMULARIO 001'!B20,"") -> 1000703 | E15: =IF('FORMULARIO 001'!B21>=1,'FORMULARIO 001'!B21,"") | F15: =IF('FORMULARIO 001'!B22>=1,'FORMULARIO 001'!B22,"") | G15: =IF('FORMULARIO 001'!B23>=1,'FORMULARIO 001'!B23,"") | H15: =IF('FORMULARIO 001'!B24>=1,'FORMULARIO 001'!B24,"") | I15: =IF('FORMULARIO 001'!B25>=1,'FORMULARIO 001'!B25,"") | J15: =IF('FORMULARIO 001'!B26>=1,'FORMULARIO 001'!B26,"") | K15: =IF('FORMULARIO 001'!B27>=1,'FORMULARIO 001'!B27,"") | L15: =IF('FORMULARIO 001'!B28>=1,'FORMULARIO 001'!B28,"") | M15: =IF('FORMULARIO 001'!B29>=1,'FORMULARIO 001'!B29,"") | N15: =IF('FORMULARIO 001'!B30>=1,'FORMULARIO 001'!B30,"")
A16: FECHA_POSICIONAMIENTO | B16: 10 de julio del 2020 | C16: 10 de julio del 2020 | D16: 10 de julio del 2020
A17: HORA_INICIO | B17: 08:15 | C17: 08:15 | D17: 08:15
A18: HORA_TERMINO | B18: 01:23 | C18: 01:23 | D18: 01:23
A19: LATITUD_(S)_WGS-84 | B19: -10.5689 | C19: -10.5689 | D19: -10.5689
A20: LONGITUD_(O)_WGS-84 | B20: 75.32948 | C20: 75.32948 | D20: 75.32948
A21: NORTE_(N)_WGS-84 | B21: 8664854 | C21: 8666242 | D21: 8666829
A22: ESTE_(E)_WGS-84 | B22: 478471 | C22: 476779 | D22: 476976
A23: ALTURA_ELIPSOIDAL_(M) | B23: 1800 | C23: 1800 | D23: 1800
A24: DESCRIPCION_MONUMENTACION | B24: LO MISMO PARA TODO | C24: LO MISMO PARA TODO | D24: LO MISMO PARA TODO

Sheet IQ GeoSpatial Technology
D2: IQ GeoSpatial Technology
D8: Sigenos:
N9: Somos IQ GeoSpatial Technology, una startup dedicada a la innovación geoespacial. Diseñamos soluciones inteligentes que transforman datos territoriales en tecnología aplicable a escala local y global
D25: Teledetección | J25: Sistemas de Información Geográfica | P25: Desarrollo de Herramientas
